"Year","Domain","FixedDistrict","Level 1","Level 2","Level 3"
"2016-17","Creative","Achievement First Bridgeport Academy District",12.8,67,20.2
"2016-17","Creative","Achievement First Hartford Academy District",61.5,21.8,16.7
"2016-17","Creative","Amistad Academy District",NA,7.5,92.5
"2016-17","Creative","Andover School District",NA,NA,NA
"2016-17","Creative","Ansonia School District",14.4,48.3,37.2
"2016-17","Creative","Area Cooperative Educational Services",23,40.5,36.5
"2016-17","Creative","Ashford School District",2.9,5.7,91.4
"2016-17","Creative","Avon School District",0.5,24.2,75.3
"2016-17","Creative","Barkhamsted School District",NA,NA,NA
"2016-17","Creative","Berlin School District",14.6,64.3,21.1
"2016-17","Creative","Bethany School District",14.7,52.9,32.4
"2016-17","Creative","Bethel School District",2.4,19.2,78.4
"2016-17","Creative","Bloomfield School District",10.5,51.9,37.7
"2016-17","Creative","Bolton School District",6,34,60
"2016-17","Creative","Booker T Washington Academy District",11.9,61.9,26.2
"2016-17","Creative","Bozrah School District",NA,NA,NA
"2016-17","Creative","Branford School District",6.6,49.5,43.9
"2016-17","Creative","Brass City Charter School District",5.9,23.5,70.6
"2016-17","Creative","Bridgeport School District",16.2,45.7,38.1
"2016-17","Creative","Bristol School District",10,45.4,44.7
"2016-17","Creative","Brookfield School District",5.1,10.2,84.7
"2016-17","Creative","Brooklyn School District",14.9,8,77
"2016-17","Creative","Canaan School District",NA,NA,NA
"2016-17","Creative","Canterbury School District",8.7,87,4.3
"2016-17","Creative","Canton School District",2.1,28.9,69.1
"2016-17","Creative","Capital Preparatory Harbor School Inc. District",NA,NA,NA
"2016-17","Creative","Capitol Region Education Council",7.9,47.6,44.5
"2016-17","Creative","Chaplin School District",NA,NA,NA
"2016-17","Creative","Charter School for Young Children on Asylum Hill",NA,NA,NA
"2016-17","Creative","Cheshire School District",6.7,40,53.3
"2016-17","Creative","Chester School District",7.1,NA,92.9
"2016-17","Creative","Clinton School District",5,50.5,44.6
"2016-17","Creative","Colchester School District",4.3,30.2,65.5
"2016-17","Creative","Colebrook School District",NA,NA,NA
"2016-17","Creative","Columbia School District",13,54.3,32.6
"2016-17","Creative","Common Ground High School District",NA,NA,NA
"2016-17","Creative","Connecticut",13.1,41.3,45.5
"2016-17","Creative","Connecticut Technical High School System",NA,NA,NA
"2016-17","Creative","Cooperative Educational Services",NA,9.8,90.2
"2016-17","Creative","Cornwall School District",NA,NA,NA
"2016-17","Creative","Coventry School District",10.3,46.6,43.1
"2016-17","Creative","Cromwell School District",5,42.1,52.9
"2016-17","Creative","Danbury School District",21.4,42.1,36.5
"2016-17","Creative","Darien School District",0.5,8.8,90.7
"2016-17","Creative","Deep River School District",10,53.3,36.7
"2016-17","Creative","Department of Mental Health and Addiction Services",NA,NA,NA
"2016-17","Creative","Derby School District",8.2,35.1,56.7
"2016-17","Creative","Eastern Connecticut Regional Educational Services",NA,NA,NA
"2016-17","Creative","Eastford School District",NA,NA,NA
"2016-17","Creative","East Granby School District",1.6,1.6,96.8
"2016-17","Creative","East Haddam School District",3.7,40.7,55.6
"2016-17","Creative","East Hampton School District",5.8,36,58.3
"2016-17","Creative","East Hartford School District",31,45.5,23.5
"2016-17","Creative","East Haven School District",16.6,60.4,23.1
"2016-17","Creative","East Lyme School District",18,51.2,30.8
"2016-17","Creative","Easton School District",9,29.5,61.5
"2016-17","Creative","East Windsor School District",16.9,51.9,31.2
"2016-17","Creative","Ellington School District",13.2,8.4,78.4
"2016-17","Creative","Elm City College Preparatory School District",NA,4.8,95.2
"2016-17","Creative","Elm City Montessori School District",2.9,11.8,85.3
"2016-17","Creative","Enfield School District",9.8,51.5,38.7
"2016-17","Creative","Essex School District",18.2,40.9,40.9
"2016-17","Creative","Explorations District",NA,NA,NA
"2016-17","Creative","Fairfield School District",4.8,32.5,62.7
"2016-17","Creative","Farmington School District",7.1,17.6,75.3
"2016-17","Creative","Franklin School District",NA,NA,NA
"2016-17","Creative","Glastonbury School District",14.9,39.4,45.6
"2016-17","Creative","Granby School District",2.2,6.5,91.4
"2016-17","Creative","Great Oaks Charter School Bridgeport",NA,NA,NA
"2016-17","Creative","Greenwich School District",4.7,24.9,70.4
"2016-17","Creative","Griswold School District",10.2,44.1,45.8
"2016-17","Creative","Groton School District",16,53.5,30.5
"2016-17","Creative","Guilford School District",3.1,16.9,80
"2016-17","Creative","Hamden School District",12.7,49.1,38.2
"2016-17","Creative","Hampton School District",NA,NA,NA
"2016-17","Creative","Hartford School District",19.7,43,37.3
"2016-17","Creative","Hartland School District",NA,NA,NA
"2016-17","Creative","Hebron School District",2.9,24.3,72.9
"2016-17","Creative","Highville Charter School District",15,55,30
"2016-17","Creative","Integrated Day Charter School District",25.8,32.3,41.9
"2016-17","Creative","Interdistrict School for Arts and Communication District",NA,NA,NA
"2016-17","Creative","Jumoke Academy District",1.4,30.1,68.5
"2016-17","Creative","Kent School District",NA,NA,NA
"2016-17","Creative","Killingly School District",12.5,30,57.5
"2016-17","Creative","LEARN",10.1,27.2,62.7
"2016-17","Creative","Lebanon School District",7.4,77.8,14.8
"2016-17","Creative","Ledyard School District",15.2,43.7,41.1
"2016-17","Creative","Lisbon School District",8.1,43.2,48.6
"2016-17","Creative","Litchfield School District",27.5,52.2,20.3
"2016-17","Creative","Madison School District",13.7,20.9,65.4
"2016-17","Creative","Manchester School District",30.2,50.5,19.4
"2016-17","Creative","Mansfield School District",13.4,43.3,43.3
"2016-17","Creative","Marlborough School District",3.3,13.1,83.6
"2016-17","Creative","Meriden School District",18.4,48.5,33.1
"2016-17","Creative","Middletown School District",22.6,42,35.3
"2016-17","Creative","Milford School District",5.1,22.3,72.6
"2016-17","Creative","Monroe School District",4.9,48.3,46.8
"2016-17","Creative","Montville School District",8.2,37.3,54.4
"2016-17","Creative","Naugatuck School District",13.6,32.5,53.9
"2016-17","Creative","New Beginnings Inc. Family Academy District",NA,26.3,73.7
"2016-17","Creative","New Britain School District",26,42.2,31.7
"2016-17","Creative","New Canaan School District",5.1,24.5,70.4
"2016-17","Creative","New Fairfield School District",4.4,51.5,44.1
"2016-17","Creative","New Hartford School District",9.5,78.6,11.9
"2016-17","Creative","New Haven School District",15.5,49,35.5
"2016-17","Creative","Newington School District",17.3,55.3,27.4
"2016-17","Creative","New London School District",11.7,65.4,23
"2016-17","Creative","New Milford School District",22.5,51.6,25.8
"2016-17","Creative","Newtown School District",4.4,36.4,59.1
"2016-17","Creative","Norfolk School District",NA,NA,NA
"2016-17","Creative","North Branford School District",7.6,72.3,20.2
"2016-17","Creative","North Canaan School District",7.1,19,73.8
"2016-17","Creative","North Haven School District",5.6,46.5,47.9
"2016-17","Creative","North Stonington School District",NA,2,98
"2016-17","Creative","Norwalk School District",12.2,45.3,42.5
"2016-17","Creative","Norwich Free Academy District",NA,NA,NA
"2016-17","Creative","Norwich School District",22.8,43.1,34.1
"2016-17","Creative","Odyssey Community School District",13.9,86.1,NA
"2016-17","Creative","Old Saybrook School District",1.4,44.3,54.3
"2016-17","Creative","Orange School District",1.4,35,63.6
"2016-17","Creative","Oxford School District",5.9,31.1,63
"2016-17","Creative","Park City Prep Charter School District",NA,NA,NA
"2016-17","Creative","Path Academy District",NA,NA,NA
"2016-17","Creative","Plainfield School District",8.2,58.5,33.3
"2016-17","Creative","Plainville School District",9.1,29.5,61.4
"2016-17","Creative","Plymouth School District",20.5,42.2,37.3
"2016-17","Creative","Pomfret School District",12,64,24
"2016-17","Creative","Portland School District",11.2,58.2,30.6
"2016-17","Creative","Preston School District",22.6,54.8,22.6
"2016-17","Creative","Putnam School District",9.8,35.4,54.9
"2016-17","Creative","Redding School District",4.9,45.6,49.5
"2016-17","Creative","Regional School District 01",NA,NA,NA
"2016-17","Creative","Regional School District 04",NA,NA,NA
"2016-17","Creative","Regional School District 05",NA,NA,NA
"2016-17","Creative","Regional School District 06",NA,15,85
"2016-17","Creative","Regional School District 07",NA,NA,NA
"2016-17","Creative","Regional School District 08",NA,NA,NA
"2016-17","Creative","Regional School District 09",NA,NA,NA
"2016-17","Creative","Regional School District 10",2.2,23.7,74.1
"2016-17","Creative","Regional School District 11",NA,NA,NA
"2016-17","Creative","Regional School District 12",NA,16.7,83.3
"2016-17","Creative","Regional School District 13",7,63.5,29.6
"2016-17","Creative","Regional School District 14",5.2,72.9,21.9
"2016-17","Creative","Regional School District 15",6.1,32.9,61
"2016-17","Creative","Regional School District 16",10.8,53.1,36.2
"2016-17","Creative","Regional School District 17",0.7,8.5,90.8
"2016-17","Creative","Regional School District 18",NA,47.7,52.3
"2016-17","Creative","Regional School District 19",NA,NA,NA
"2016-17","Creative","Ridgefield School District",9.3,25.3,65.4
"2016-17","Creative","Rocky Hill School District",10.3,40.5,49.2
"2016-17","Creative","Salem School District",6.7,31.1,62.2
"2016-17","Creative","Salisbury School District",3.1,37.5,59.4
"2016-17","Creative","Scotland School District",NA,NA,NA
"2016-17","Creative","Seymour School District",15.9,39.1,45
"2016-17","Creative","Sharon School District",NA,NA,NA
"2016-17","Creative","Shelton School District",14.7,62.4,23
"2016-17","Creative","Sherman School District",NA,3.6,96.4
"2016-17","Creative","Side By Side Charter School District",NA,26.1,73.9
"2016-17","Creative","Simsbury School District",6.5,33.6,59.9
"2016-17","Creative","Somers School District",6.7,24,69.3
"2016-17","Creative","Southington School District",11.8,61.3,27
"2016-17","Creative","South Windsor School District",6,26.1,67.8
"2016-17","Creative","Sprague School District",NA,14.3,85.7
"2016-17","Creative","Stafford School District",2.8,27.8,69.4
"2016-17","Creative","Stamford Academy District",NA,NA,NA
"2016-17","Creative","Stamford Charter School for Excellence District",NA,NA,NA
"2016-17","Creative","Stamford School District",12.9,38.9,48.3
"2016-17","Creative","Sterling School District",10.8,37.8,51.4
"2016-17","Creative","Stonington School District",5.7,15.6,78.7
"2016-17","Creative","Stratford School District",19.6,31.8,48.6
"2016-17","Creative","Suffield School District",4.7,49.6,45.7
"2016-17","Creative","The Bridge Academy District",NA,NA,NA
"2016-17","Creative","The Gilbert School District",NA,NA,NA
"2016-17","Creative","Thomaston School District",25,41.1,33.9
"2016-17","Creative","Thompson School District",25.3,68,6.7
"2016-17","Creative","Tolland School District",9.5,66.4,24.1
"2016-17","Creative","Torrington School District",20.9,33.4,45.7
"2016-17","Creative","Trailblazers Academy District",NA,NA,NA
"2016-17","Creative","Trumbull School District",15.3,54.9,29.8
"2016-17","Creative","Unified School District #1",NA,NA,NA
"2016-17","Creative","Unified School District #2",NA,NA,NA
"2016-17","Creative","Union School District",NA,NA,NA
"2016-17","Creative","Vernon School District",14.3,42.4,43.3
"2016-17","Creative","Voluntown School District",NA,21.7,78.3
"2016-17","Creative","Wallingford School District",6.4,40,53.6
"2016-17","Creative","Waterbury School District",19.8,48.3,31.8
"2016-17","Creative","Waterford School District",10.2,65,24.8
"2016-17","Creative","Watertown School District",11.6,36.5,51.9
"2016-17","Creative","Westbrook School District",1.8,42.9,55.4
"2016-17","Creative","Western Connecticut Regional Educational Services",NA,NA,NA
"2016-17","Creative","West Hartford School District",8,39.3,52.7
"2016-17","Creative","West Haven School District",32,50.4,17.6
"2016-17","Creative","Weston School District",1.6,5.5,93
"2016-17","Creative","Westport School District",3.7,42.5,53.8
"2016-17","Creative","Wethersfield School District",18.8,46,35.1
"2016-17","Creative","Willington School District",7.3,39,53.7
"2016-17","Creative","Wilton School District",0.4,5.7,93.9
"2016-17","Creative","Winchester School District",16.7,71.2,12.1
"2016-17","Creative","Windham School District",19.9,55.6,24.5
"2016-17","Creative","Windsor Locks School District",5.7,54.7,39.6
"2016-17","Creative","Windsor School District",14.4,41.4,44.2
"2016-17","Creative","Wolcott School District",4.3,47.1,48.6
"2016-17","Creative","Woodbridge School District",15.8,64.2,20
"2016-17","Creative","Woodstock Academy District",NA,NA,NA
"2016-17","Creative","Woodstock School District",9,28.4,62.7
"2016-17","Language","Achievement First Bridgeport Academy District",24.5,45.7,29.8
"2016-17","Language","Achievement First Hartford Academy District",35.9,34.6,29.5
"2016-17","Language","Amistad Academy District",8.6,14,77.4
"2016-17","Language","Andover School District",NA,NA,NA
"2016-17","Language","Ansonia School District",26.7,37.8,35.6
"2016-17","Language","Area Cooperative Educational Services",43.2,29.7,27
"2016-17","Language","Ashford School District",2.9,34.3,62.9
"2016-17","Language","Avon School District",7.1,33.3,59.6
"2016-17","Language","Barkhamsted School District",NA,NA,NA
"2016-17","Language","Berlin School District",26.3,52,21.6
"2016-17","Language","Bethany School District",20.6,41.2,38.2
"2016-17","Language","Bethel School District",13.9,30.8,55.3
"2016-17","Language","Bloomfield School District",19.1,50.6,30.2
"2016-17","Language","Bolton School District",20,36,44
"2016-17","Language","Booker T Washington Academy District",20.2,59.5,20.2
"2016-17","Language","Bozrah School District",NA,NA,NA
"2016-17","Language","Branford School District",15.8,47.4,36.7
"2016-17","Language","Brass City Charter School District",8.8,35.3,55.9
"2016-17","Language","Bridgeport School District",30.3,41.2,28.5
"2016-17","Language","Bristol School District",18.3,41.3,40.4
"2016-17","Language","Brookfield School District",10.8,23.6,65.6
"2016-17","Language","Brooklyn School District",21.8,34.5,43.7
"2016-17","Language","Canaan School District",NA,NA,NA
"2016-17","Language","Canterbury School District",19.6,69.6,10.9
"2016-17","Language","Canton School District",4.1,36.1,59.8
"2016-17","Language","Capital Preparatory Harbor School Inc. District",NA,NA,NA
"2016-17","Language","Capitol Region Education Council",17.9,39.7,42.4
"2016-17","Language","Chaplin School District",NA,NA,NA
"2016-17","Language","Charter School for Young Children on Asylum Hill",NA,NA,NA
"2016-17","Language","Cheshire School District",15.4,37.9,46.7
"2016-17","Language","Chester School District",3.6,14.3,82.1
"2016-17","Language","Clinton School District",23.8,50.5,25.7
"2016-17","Language","Colchester School District",12.9,45.3,41.7
"2016-17","Language","Colebrook School District",NA,NA,NA
"2016-17","Language","Columbia School District",32.6,52.2,15.2
"2016-17","Language","Common Ground High School District",NA,NA,NA
"2016-17","Language","Connecticut",24.4,40.1,35.5
"2016-17","Language","Connecticut Technical High School System",NA,NA,NA
"2016-17","Language","Cooperative Educational Services",7.3,36.6,56.1
"2016-17","Language","Cornwall School District",NA,NA,NA
"2016-17","Language","Coventry School District",27.6,60.3,12.1
"2016-17","Language","Cromwell School District",14.3,53.6,32.1
"2016-17","Language","Danbury School District",34.1,37.4,28.5
"2016-17","Language","Darien School District",2.5,20.5,77
"2016-17","Language","Deep River School District",20,50,30
"2016-17","Language","Department of Mental Health and Addiction Services",NA,NA,NA
"2016-17","Language","Derby School District",20.6,39.2,40.2
"2016-17","Language","Eastern Connecticut Regional Educational Services",NA,NA,NA
"2016-17","Language","Eastford School District",NA,NA,NA
"2016-17","Language","East Granby School District",4.8,14.3,81
"2016-17","Language","East Haddam School District",5.6,63,31.5
"2016-17","Language","East Hampton School District",15.8,43.2,41
"2016-17","Language","East Hartford School District",46.7,36.6,16.7
"2016-17","Language","East Haven School District",27.8,50.3,21.9
"2016-17","Language","East Lyme School District",30.8,41.9,27.3
"2016-17","Language","Easton School District",14.1,34.6,51.3
"2016-17","Language","East Windsor School District",24.7,53.2,22.1
"2016-17","Language","Ellington School District",14.4,24.6,61.1
"2016-17","Language","Elm City College Preparatory School District",8.1,25.8,66.1
"2016-17","Language","Elm City Montessori School District",8.8,17.6,73.5
"2016-17","Language","Enfield School District",25.9,43.6,30.5
"2016-17","Language","Essex School District",22.7,50,27.3
"2016-17","Language","Explorations District",NA,NA,NA
"2016-17","Language","Fairfield School District",14.6,33.7,51.7
"2016-17","Language","Farmington School District",13.1,32.6,54.3
"2016-17","Language","Franklin School District",NA,NA,NA
"2016-17","Language","Glastonbury School District",28.2,35.8,36.1
"2016-17","Language","Granby School District",2.2,14,83.9
"2016-17","Language","Great Oaks Charter School Bridgeport",NA,NA,NA
"2016-17","Language","Greenwich School District",11.9,28.8,59.3
"2016-17","Language","Griswold School District",21.2,50.8,28
"2016-17","Language","Groton School District",25.8,47.5,26.6
"2016-17","Language","Guilford School District",10.3,24.6,65.1
"2016-17","Language","Hamden School District",24.4,49.1,26.5
"2016-17","Language","Hampton School District",NA,NA,NA
"2016-17","Language","Hartford School District",34.1,35.2,30.7
"2016-17","Language","Hartland School District",NA,NA,NA
"2016-17","Language","Hebron School District",7.1,30,62.9
"2016-17","Language","Highville Charter School District",35,37.5,27.5
"2016-17","Language","Integrated Day Charter School District",9.7,32.3,58.1
"2016-17","Language","Interdistrict School for Arts and Communication District",NA,NA,NA
"2016-17","Language","Jumoke Academy District",8.2,50.7,41.1
"2016-17","Language","Kent School District",NA,NA,NA
"2016-17","Language","Killingly School District",21.9,34.4,43.8
"2016-17","Language","LEARN",19.9,32.1,48.1
"2016-17","Language","Lebanon School District",24.1,51.9,24.1
"2016-17","Language","Ledyard School District",28.5,41.1,30.4
"2016-17","Language","Lisbon School District",27,32.4,40.5
"2016-17","Language","Litchfield School District",31.9,46.4,21.7
"2016-17","Language","Madison School District",6.5,37.9,55.6
"2016-17","Language","Manchester School District",44.3,41,14.7
"2016-17","Language","Mansfield School District",18.6,53.6,27.8
"2016-17","Language","Marlborough School District",8.2,29.5,62.3
"2016-17","Language","Meriden School District",31,37.9,31.1
"2016-17","Language","Middletown School District",34,39.9,26.1
"2016-17","Language","Milford School District",11.3,46.5,42.2
"2016-17","Language","Monroe School District",13.3,52.2,34.5
"2016-17","Language","Montville School District",24.7,43.7,31.6
"2016-17","Language","Naugatuck School District",25.6,37.5,36.9
"2016-17","Language","New Beginnings Inc. Family Academy District",3.5,40.4,56.1
"2016-17","Language","New Britain School District",37,37.1,25.9
"2016-17","Language","New Canaan School District",12.8,28.8,58.4
"2016-17","Language","New Fairfield School District",12.5,47.1,40.4
"2016-17","Language","New Hartford School District",19,57.1,23.8
"2016-17","Language","New Haven School District",29.9,43.2,26.9
"2016-17","Language","Newington School District",32,47.4,20.7
"2016-17","Language","New London School District",21.6,56.9,21.6
"2016-17","Language","New Milford School District",27.3,53.5,19.3
"2016-17","Language","Newtown School District",10.7,48,41.3
"2016-17","Language","Norfolk School District",NA,NA,NA
"2016-17","Language","North Branford School District",27.7,47.9,24.4
"2016-17","Language","North Canaan School District",19,47.6,33.3
"2016-17","Language","North Haven School District",18.8,52.1,29.1
"2016-17","Language","North Stonington School District",6.1,14.3,79.6
"2016-17","Language","Norwalk School District",29.1,41,29.9
"2016-17","Language","Norwich Free Academy District",NA,NA,NA
"2016-17","Language","Norwich School District",37.2,39.2,23.6
"2016-17","Language","Odyssey Community School District",30.6,63.9,5.6
"2016-17","Language","Old Saybrook School District",27.1,51.4,21.4
"2016-17","Language","Orange School District",12.9,46.4,40.7
"2016-17","Language","Oxford School District",13.4,27.7,58.8
"2016-17","Language","Park City Prep Charter School District",NA,NA,NA
"2016-17","Language","Path Academy District",NA,NA,NA
"2016-17","Language","Plainfield School District",25.2,42.2,32.7
"2016-17","Language","Plainville School District",17,38.6,44.3
"2016-17","Language","Plymouth School District",24.1,41,34.9
"2016-17","Language","Pomfret School District",24,32,44
"2016-17","Language","Portland School District",36.7,43.9,19.4
"2016-17","Language","Preston School District",29,41.9,29
"2016-17","Language","Putnam School District",15.9,35.4,48.8
"2016-17","Language","Redding School District",12.6,52.4,35
"2016-17","Language","Regional School District 01",NA,NA,NA
"2016-17","Language","Regional School District 04",NA,NA,NA
"2016-17","Language","Regional School District 05",NA,NA,NA
"2016-17","Language","Regional School District 06",7.5,32.5,60
"2016-17","Language","Regional School District 07",NA,NA,NA
"2016-17","Language","Regional School District 08",NA,NA,NA
"2016-17","Language","Regional School District 09",NA,NA,NA
"2016-17","Language","Regional School District 10",8.9,27.4,63.7
"2016-17","Language","Regional School District 11",NA,NA,NA
"2016-17","Language","Regional School District 12",3.3,26.7,70
"2016-17","Language","Regional School District 13",18.3,54.8,27
"2016-17","Language","Regional School District 14",24,52.1,24
"2016-17","Language","Regional School District 15",15,39.9,45.1
"2016-17","Language","Regional School District 16",20.8,52.3,26.9
"2016-17","Language","Regional School District 17",5.7,11.3,83
"2016-17","Language","Regional School District 18",7.7,69.2,23.1
"2016-17","Language","Regional School District 19",NA,NA,NA
"2016-17","Language","Ridgefield School District",19.4,29.4,51.2
"2016-17","Language","Rocky Hill School District",21.5,39.5,39
"2016-17","Language","Salem School District",13.3,22.2,64.4
"2016-17","Language","Salisbury School District",15.6,65.6,18.8
"2016-17","Language","Scotland School District",NA,NA,NA
"2016-17","Language","Seymour School District",27.2,32.5,40.4
"2016-17","Language","Sharon School District",NA,NA,NA
"2016-17","Language","Shelton School District",25,56.9,18.1
"2016-17","Language","Sherman School District",3.6,17.9,78.6
"2016-17","Language","Side By Side Charter School District",8.7,30.4,60.9
"2016-17","Language","Simsbury School District",13.4,31.7,55
"2016-17","Language","Somers School District",14.7,34.7,50.7
"2016-17","Language","Southington School District",24.5,57.8,17.8
"2016-17","Language","South Windsor School District",16.3,32.9,50.9
"2016-17","Language","Sprague School District",8.6,31.4,60
"2016-17","Language","Stafford School District",13.9,35.2,50.9
"2016-17","Language","Stamford Academy District",NA,NA,NA
"2016-17","Language","Stamford Charter School for Excellence District",NA,NA,NA
"2016-17","Language","Stamford School District",29.3,36.1,34.6
"2016-17","Language","Sterling School District",35.1,43.2,21.6
"2016-17","Language","Stonington School District",12.3,30.3,57.4
"2016-17","Language","Stratford School District",25.2,44.1,30.7
"2016-17","Language","Suffield School District",14,55.8,30.2
"2016-17","Language","The Bridge Academy District",NA,NA,NA
"2016-17","Language","The Gilbert School District",NA,NA,NA
"2016-17","Language","Thomaston School District",55.4,41.1,3.6
"2016-17","Language","Thompson School District",33.3,57.3,9.3
"2016-17","Language","Tolland School District",20.4,64.2,15.3
"2016-17","Language","Torrington School District",29.9,44.2,26
"2016-17","Language","Trailblazers Academy District",NA,NA,NA
"2016-17","Language","Trumbull School District",28.6,44.1,27.3
"2016-17","Language","Unified School District #1",NA,NA,NA
"2016-17","Language","Unified School District #2",NA,NA,NA
"2016-17","Language","Union School District",NA,NA,NA
"2016-17","Language","Vernon School District",26.1,34,39.9
"2016-17","Language","Voluntown School District",4.3,13,82.6
"2016-17","Language","Wallingford School District",23.7,43,33.3
"2016-17","Language","Waterbury School District",34.8,40,25.1
"2016-17","Language","Waterford School District",19.7,51.8,28.5
"2016-17","Language","Watertown School District",23.8,37,39.2
"2016-17","Language","Westbrook School District",23.2,41.1,35.7
"2016-17","Language","Western Connecticut Regional Educational Services",NA,NA,NA
"2016-17","Language","West Hartford School District",19.2,39.9,40.9
"2016-17","Language","West Haven School District",44.6,43.7,11.7
"2016-17","Language","Weston School District",3.9,25.8,70.3
"2016-17","Language","Westport School District",12.5,41,46.5
"2016-17","Language","Wethersfield School District",27.2,39.7,33.1
"2016-17","Language","Willington School District",12.2,31.7,56.1
"2016-17","Language","Wilton School District",1.3,16.2,82.5
"2016-17","Language","Winchester School District",34.8,56.1,9.1
"2016-17","Language","Windham School District",36.4,45.5,18.2
"2016-17","Language","Windsor Locks School District",19.8,42.5,37.7
"2016-17","Language","Windsor School District",23.2,36.5,40.3
"2016-17","Language","Wolcott School District",15,43.6,41.4
"2016-17","Language","Woodbridge School District",27.4,62.1,10.5
"2016-17","Language","Woodstock Academy District",NA,NA,NA
"2016-17","Language","Woodstock School District",17.9,32.8,49.3
"2016-17","Literacy","Achievement First Bridgeport Academy District",24.5,47.9,27.7
"2016-17","Literacy","Achievement First Hartford Academy District",24.4,32.1,43.6
"2016-17","Literacy","Amistad Academy District",8.6,24.7,66.7
"2016-17","Literacy","Andover School District",NA,NA,NA
"2016-17","Literacy","Ansonia School District",30.6,34.4,35
"2016-17","Literacy","Area Cooperative Educational Services",33.8,40.5,25.7
"2016-17","Literacy","Ashford School District",2.9,42.9,54.3
"2016-17","Literacy","Avon School District",6.1,26.3,67.7
"2016-17","Literacy","Barkhamsted School District",NA,NA,NA
"2016-17","Literacy","Berlin School District",36.8,49.7,13.5
"2016-17","Literacy","Bethany School District",23.5,41.2,35.3
"2016-17","Literacy","Bethel School District",13.9,36.5,49.5
"2016-17","Literacy","Bloomfield School District",26.5,53.7,19.8
"2016-17","Literacy","Bolton School District",22,34,44
"2016-17","Literacy","Booker T Washington Academy District",32.1,54.8,13.1
"2016-17","Literacy","Bozrah School District",NA,NA,NA
"2016-17","Literacy","Branford School District",12.2,56.6,31.1
"2016-17","Literacy","Brass City Charter School District",14.7,50,35.3
"2016-17","Literacy","Bridgeport School District",33.3,40.3,26.4
"2016-17","Literacy","Bristol School District",19.2,37.7,43.1
"2016-17","Literacy","Brookfield School District",14,26.8,59.2
"2016-17","Literacy","Brooklyn School District",21.8,19.5,58.6
"2016-17","Literacy","Canaan School District",NA,NA,NA
"2016-17","Literacy","Canterbury School District",23.9,65.2,10.9
"2016-17","Literacy","Canton School District",8.2,29.9,61.9
"2016-17","Literacy","Capital Preparatory Harbor School Inc. District",NA,NA,NA
"2016-17","Literacy","Capitol Region Education Council",21.6,39,39.4
"2016-17","Literacy","Chaplin School District",NA,NA,NA
"2016-17","Literacy","Charter School for Young Children on Asylum Hill",NA,NA,NA
"2016-17","Literacy","Cheshire School District",10.4,40.8,48.8
"2016-17","Literacy","Chester School District",14.3,17.9,67.9
"2016-17","Literacy","Clinton School District",23.8,48.5,27.7
"2016-17","Literacy","Colchester School District",15.1,50.4,34.5
"2016-17","Literacy","Colebrook School District",NA,NA,NA
"2016-17","Literacy","Columbia School District",26.1,50,23.9
"2016-17","Literacy","Common Ground High School District",NA,NA,NA
"2016-17","Literacy","Connecticut",25.4,40,34.6
"2016-17","Literacy","Connecticut Technical High School System",NA,NA,NA
"2016-17","Literacy","Cooperative Educational Services",9.8,12.2,78
"2016-17","Literacy","Cornwall School District",NA,NA,NA
"2016-17","Literacy","Coventry School District",37.9,47.4,14.7
"2016-17","Literacy","Cromwell School District",20,45.7,34.3
"2016-17","Literacy","Danbury School District",33.8,37.4,28.8
"2016-17","Literacy","Darien School District",2.2,14.8,83
"2016-17","Literacy","Deep River School District",26.7,46.7,26.7
"2016-17","Literacy","Department of Mental Health and Addiction Services",NA,NA,NA
"2016-17","Literacy","Derby School District",21.6,29.9,48.5
"2016-17","Literacy","Eastern Connecticut Regional Educational Services",NA,NA,NA
"2016-17","Literacy","Eastford School District",NA,NA,NA
"2016-17","Literacy","East Granby School District",6.3,6.3,87.3
"2016-17","Literacy","East Haddam School District",13,57.4,29.6
"2016-17","Literacy","East Hampton School District",24.5,30.9,44.6
"2016-17","Literacy","East Hartford School District",44.4,35.4,20.2
"2016-17","Literacy","East Haven School District",27.8,49.1,23.1
"2016-17","Literacy","East Lyme School District",30.2,40.1,29.7
"2016-17","Literacy","Easton School District",14.1,55.1,30.8
"2016-17","Literacy","East Windsor School District",31.2,37.7,31.2
"2016-17","Literacy","Ellington School District",9.6,28.7,61.7
"2016-17","Literacy","Elm City College Preparatory School District",4.8,17.7,77.4
"2016-17","Literacy","Elm City Montessori School District",14.7,50,35.3
"2016-17","Literacy","Enfield School District",27.7,43.8,28.4
"2016-17","Literacy","Essex School District",25,40.9,34.1
"2016-17","Literacy","Explorations District",NA,NA,NA
"2016-17","Literacy","Fairfield School District",15.2,36.4,48.5
"2016-17","Literacy","Farmington School District",13.1,27.7,59.2
"2016-17","Literacy","Franklin School District",NA,NA,NA
"2016-17","Literacy","Glastonbury School District",23.4,37.5,39.2
"2016-17","Literacy","Granby School District",4.3,18.3,77.4
"2016-17","Literacy","Great Oaks Charter School Bridgeport",NA,NA,NA
"2016-17","Literacy","Greenwich School District",15.5,31.5,53
"2016-17","Literacy","Griswold School District",22.9,46.6,30.5
"2016-17","Literacy","Groton School District",30.7,44.2,25.1
"2016-17","Literacy","Guilford School District",11.8,30.8,57.4
"2016-17","Literacy","Hamden School District",23.9,45.6,30.5
"2016-17","Literacy","Hampton School District",NA,NA,NA
"2016-17","Literacy","Hartford School District",36.4,36.4,27.3
"2016-17","Literacy","Hartland School District",NA,NA,NA
"2016-17","Literacy","Hebron School District",11.4,35.7,52.9
"2016-17","Literacy","Highville Charter School District",35,27.5,37.5
"2016-17","Literacy","Integrated Day Charter School District",16.1,41.9,41.9
"2016-17","Literacy","Interdistrict School for Arts and Communication District",NA,NA,NA
"2016-17","Literacy","Jumoke Academy District",9.6,58.9,31.5
"2016-17","Literacy","Kent School District",NA,NA,NA
"2016-17","Literacy","Killingly School District",20,30.6,49.4
"2016-17","Literacy","LEARN",21.3,35.5,43.2
"2016-17","Literacy","Lebanon School District",22.2,51.9,25.9
"2016-17","Literacy","Ledyard School District",25.9,35.4,38.6
"2016-17","Literacy","Lisbon School District",16.2,54.1,29.7
"2016-17","Literacy","Litchfield School District",30.4,50.7,18.8
"2016-17","Literacy","Madison School District",5.2,54.2,40.5
"2016-17","Literacy","Manchester School District",45.6,41.5,12.8
"2016-17","Literacy","Mansfield School District",20.6,51.5,27.8
"2016-17","Literacy","Marlborough School District",8.2,29.5,62.3
"2016-17","Literacy","Meriden School District",40.2,38.2,21.5
"2016-17","Literacy","Middletown School District",34,39.6,26.4
"2016-17","Literacy","Milford School District",14.5,39.8,45.7
"2016-17","Literacy","Monroe School District",12.3,53.2,34.5
"2016-17","Literacy","Montville School District",24.1,41.8,34.2
"2016-17","Literacy","Naugatuck School District",24.6,36.6,38.8
"2016-17","Literacy","New Beginnings Inc. Family Academy District",19.3,49.1,31.6
"2016-17","Literacy","New Britain School District",39.8,38.9,21.3
"2016-17","Literacy","New Canaan School District",8.4,51.1,40.5
"2016-17","Literacy","New Fairfield School District",6.6,51.5,41.9
"2016-17","Literacy","New Hartford School District",28.6,50,21.4
"2016-17","Literacy","New Haven School District",33,41.5,25.4
"2016-17","Literacy","Newington School District",30.5,44.7,24.8
"2016-17","Literacy","New London School District",32.9,49.8,17.3
"2016-17","Literacy","New Milford School District",29.8,49.1,21.1
"2016-17","Literacy","Newtown School District",15.6,41.8,42.7
"2016-17","Literacy","Norfolk School District",NA,NA,NA
"2016-17","Literacy","North Branford School District",22.7,49.6,27.7
"2016-17","Literacy","North Canaan School District",16.7,54.8,28.6
"2016-17","Literacy","North Haven School District",21.6,45.1,33.3
"2016-17","Literacy","North Stonington School District",10.2,22.4,67.3
"2016-17","Literacy","Norwalk School District",26.1,43.5,30.4
"2016-17","Literacy","Norwich Free Academy District",NA,NA,NA
"2016-17","Literacy","Norwich School District",32.8,42.8,24.4
"2016-17","Literacy","Odyssey Community School District",25,72.2,2.8
"2016-17","Literacy","Old Saybrook School District",25.7,55.7,18.6
"2016-17","Literacy","Orange School District",11.4,51.4,37.1
"2016-17","Literacy","Oxford School District",16,37.8,46.2
"2016-17","Literacy","Park City Prep Charter School District",NA,NA,NA
"2016-17","Literacy","Path Academy District",NA,NA,NA
"2016-17","Literacy","Plainfield School District",30.6,43.5,25.9
"2016-17","Literacy","Plainville School District",18.2,35.8,46
"2016-17","Literacy","Plymouth School District",27.7,37.3,34.9
"2016-17","Literacy","Pomfret School District",28,52,20
"2016-17","Literacy","Portland School District",32.7,33.7,33.7
"2016-17","Literacy","Preston School District",22.6,29,48.4
"2016-17","Literacy","Putnam School District",19.5,45.1,35.4
"2016-17","Literacy","Redding School District",13.6,59.2,27.2
"2016-17","Literacy","Regional School District 01",NA,NA,NA
"2016-17","Literacy","Regional School District 04",NA,NA,NA
"2016-17","Literacy","Regional School District 05",NA,NA,NA
"2016-17","Literacy","Regional School District 06",5,22.5,72.5
"2016-17","Literacy","Regional School District 07",NA,NA,NA
"2016-17","Literacy","Regional School District 08",NA,NA,NA
"2016-17","Literacy","Regional School District 09",NA,NA,NA
"2016-17","Literacy","Regional School District 10",5.2,28.1,66.7
"2016-17","Literacy","Regional School District 11",NA,NA,NA
"2016-17","Literacy","Regional School District 12",6.7,16.7,76.7
"2016-17","Literacy","Regional School District 13",19.1,45.2,35.7
"2016-17","Literacy","Regional School District 14",17.7,57.3,25
"2016-17","Literacy","Regional School District 15",14.6,38,47.4
"2016-17","Literacy","Regional School District 16",24.6,47.7,27.7
"2016-17","Literacy","Regional School District 17",5.7,18.4,75.9
"2016-17","Literacy","Regional School District 18",10.8,66.2,23.1
"2016-17","Literacy","Regional School District 19",NA,NA,NA
"2016-17","Literacy","Ridgefield School District",17.6,30.1,52.2
"2016-17","Literacy","Rocky Hill School District",18.5,45.1,36.4
"2016-17","Literacy","Salem School District",15.6,35.6,48.9
"2016-17","Literacy","Salisbury School District",37.5,37.5,25
"2016-17","Literacy","Scotland School District",NA,NA,NA
"2016-17","Literacy","Seymour School District",23.8,38.4,37.7
"2016-17","Literacy","Sharon School District",NA,NA,NA
"2016-17","Literacy","Shelton School District",25.9,52.6,21.6
"2016-17","Literacy","Sherman School District",14.3,14.3,71.4
"2016-17","Literacy","Side By Side Charter School District",8.7,30.4,60.9
"2016-17","Literacy","Simsbury School District",17.9,30.5,51.5
"2016-17","Literacy","Somers School District",16,38.7,45.3
"2016-17","Literacy","Southington School District",29.8,49.5,20.8
"2016-17","Literacy","South Windsor School District",18,35.7,46.3
"2016-17","Literacy","Sprague School District",5.7,31.4,62.9
"2016-17","Literacy","Stafford School District",20.4,40.7,38.9
"2016-17","Literacy","Stamford Academy District",NA,NA,NA
"2016-17","Literacy","Stamford Charter School for Excellence District",NA,NA,NA
"2016-17","Literacy","Stamford School District",30.1,36.7,33.3
"2016-17","Literacy","Sterling School District",40.5,35.1,24.3
"2016-17","Literacy","Stonington School District",16.4,23,60.7
"2016-17","Literacy","Stratford School District",31.2,40.1,28.7
"2016-17","Literacy","Suffield School District",15.5,44.2,40.3
"2016-17","Literacy","The Bridge Academy District",NA,NA,NA
"2016-17","Literacy","The Gilbert School District",NA,NA,NA
"2016-17","Literacy","Thomaston School District",69.6,23.2,7.1
"2016-17","Literacy","Thompson School District",40,45.3,14.7
"2016-17","Literacy","Tolland School District",22.6,50.4,27
"2016-17","Literacy","Torrington School District",27.5,45.4,27.2
"2016-17","Literacy","Trailblazers Academy District",NA,NA,NA
"2016-17","Literacy","Trumbull School District",28.3,43.1,28.6
"2016-17","Literacy","Unified School District #1",NA,NA,NA
"2016-17","Literacy","Unified School District #2",NA,NA,NA
"2016-17","Literacy","Union School District",NA,NA,NA
"2016-17","Literacy","Vernon School District",19.7,42.4,37.8
"2016-17","Literacy","Voluntown School District",NA,30.4,69.6
"2016-17","Literacy","Wallingford School District",19,40.7,40.2
"2016-17","Literacy","Waterbury School District",34.9,41.6,23.5
"2016-17","Literacy","Waterford School District",19.7,50.4,29.9
"2016-17","Literacy","Watertown School District",23.8,45.5,30.7
"2016-17","Literacy","Westbrook School District",16.1,42.9,41.1
"2016-17","Literacy","Western Connecticut Regional Educational Services",NA,NA,NA
"2016-17","Literacy","West Hartford School District",15.7,37.2,47.1
"2016-17","Literacy","West Haven School District",42.1,44.4,13.6
"2016-17","Literacy","Weston School District",3.9,18.8,77.3
"2016-17","Literacy","Westport School District",8.3,42.8,48.9
"2016-17","Literacy","Wethersfield School District",20.5,45.6,33.9
"2016-17","Literacy","Willington School District",17.1,29.3,53.7
"2016-17","Literacy","Wilton School District",0.4,7.9,91.7
"2016-17","Literacy","Winchester School District",39.4,59.1,1.5
"2016-17","Literacy","Windham School District",38.1,45.1,16.8
"2016-17","Literacy","Windsor Locks School District",19.8,52.8,27.4
"2016-17","Literacy","Windsor School District",34.8,38.1,27.1
"2016-17","Literacy","Wolcott School District",12.9,42.1,45
"2016-17","Literacy","Woodbridge School District",23.2,62.1,14.7
"2016-17","Literacy","Woodstock Academy District",NA,NA,NA
"2016-17","Literacy","Woodstock School District",13.4,23.9,62.7
"2016-17","Numeracy","Achievement First Bridgeport Academy District",20.2,51.1,28.7
"2016-17","Numeracy","Achievement First Hartford Academy District",14.1,85.9,NA
"2016-17","Numeracy","Amistad Academy District",9.7,17.2,73.1
"2016-17","Numeracy","Andover School District",NA,NA,NA
"2016-17","Numeracy","Ansonia School District",23.9,36.1,40
"2016-17","Numeracy","Area Cooperative Educational Services",33.8,39.2,27
"2016-17","Numeracy","Ashford School District",2.9,42.9,54.3
"2016-17","Numeracy","Avon School District",3.5,25.3,71.2
"2016-17","Numeracy","Barkhamsted School District",NA,NA,NA
"2016-17","Numeracy","Berlin School District",25.7,61.4,12.9
"2016-17","Numeracy","Bethany School District",17.6,35.3,47.1
"2016-17","Numeracy","Bethel School District",13,34.6,52.4
"2016-17","Numeracy","Bloomfield School District",24.7,55.6,19.8
"2016-17","Numeracy","Bolton School District",18,34,48
"2016-17","Numeracy","Booker T Washington Academy District",21.4,52.4,26.2
"2016-17","Numeracy","Bozrah School District",NA,NA,NA
"2016-17","Numeracy","Branford School District",9.7,54.6,35.7
"2016-17","Numeracy","Brass City Charter School District",14.7,41.2,44.1
"2016-17","Numeracy","Bridgeport School District",31.1,41.9,27
"2016-17","Numeracy","Bristol School District",18.9,38.8,42.3
"2016-17","Numeracy","Brookfield School District",13.4,24.8,61.8
"2016-17","Numeracy","Brooklyn School District",21.8,20.7,57.5
"2016-17","Numeracy","Canaan School District",NA,NA,NA
"2016-17","Numeracy","Canterbury School District",19.6,71.7,8.7
"2016-17","Numeracy","Canton School District",6.2,21.6,72.2
"2016-17","Numeracy","Capital Preparatory Harbor School Inc. District",NA,NA,NA
"2016-17","Numeracy","Capitol Region Education Council",15.3,40.1,44.6
"2016-17","Numeracy","Chaplin School District",NA,NA,NA
"2016-17","Numeracy","Charter School for Young Children on Asylum Hill",NA,NA,NA
"2016-17","Numeracy","Cheshire School District",8.3,37.1,54.6
"2016-17","Numeracy","Chester School District",7.1,21.4,71.4
"2016-17","Numeracy","Clinton School District",19.8,47.5,32.7
"2016-17","Numeracy","Colchester School District",11.5,45.3,43.2
"2016-17","Numeracy","Colebrook School District",NA,NA,NA
"2016-17","Numeracy","Columbia School District",28.3,37,34.8
"2016-17","Numeracy","Common Ground High School District",NA,NA,NA
"2016-17","Numeracy","Connecticut",22,41.5,36.6
"2016-17","Numeracy","Connecticut Technical High School System",NA,NA,NA
"2016-17","Numeracy","Cooperative Educational Services",9.8,22,68.3
"2016-17","Numeracy","Cornwall School District",NA,NA,NA
"2016-17","Numeracy","Coventry School District",36.2,49.1,14.7
"2016-17","Numeracy","Cromwell School District",7.9,48.6,43.6
"2016-17","Numeracy","Danbury School District",33.4,37.6,28.9
"2016-17","Numeracy","Darien School District",1.1,11.5,87.4
"2016-17","Numeracy","Deep River School District",16.7,50,33.3
"2016-17","Numeracy","Department of Mental Health and Addiction Services",NA,NA,NA
"2016-17","Numeracy","Derby School District",15.5,42.3,42.3
"2016-17","Numeracy","Eastern Connecticut Regional Educational Services",NA,NA,NA
"2016-17","Numeracy","Eastford School District",NA,NA,NA
"2016-17","Numeracy","East Granby School District",4.8,6.3,88.9
"2016-17","Numeracy","East Haddam School District",7.4,57.4,35.2
"2016-17","Numeracy","East Hampton School District",13.7,37.4,48.9
"2016-17","Numeracy","East Hartford School District",41.3,40.1,18.5
"2016-17","Numeracy","East Haven School District",28.4,49.1,22.5
"2016-17","Numeracy","East Lyme School District",25.6,46.5,27.9
"2016-17","Numeracy","Easton School District",11.5,61.5,26.9
"2016-17","Numeracy","East Windsor School District",19.5,48.1,32.5
"2016-17","Numeracy","Ellington School District",12.6,21,66.5
"2016-17","Numeracy","Elm City College Preparatory School District",9.7,30.6,59.7
"2016-17","Numeracy","Elm City Montessori School District",8.8,20.6,70.6
"2016-17","Numeracy","Enfield School District",23.8,49.2,27
"2016-17","Numeracy","Essex School District",27.3,40.9,31.8
"2016-17","Numeracy","Explorations District",NA,NA,NA
"2016-17","Numeracy","Fairfield School District",10.2,33.6,56.2
"2016-17","Numeracy","Farmington School District",8.2,25.8,65.9
"2016-17","Numeracy","Franklin School District",NA,NA,NA
"2016-17","Numeracy","Glastonbury School District",21.1,38.6,40.3
"2016-17","Numeracy","Granby School District",1.1,15.1,83.9
"2016-17","Numeracy","Great Oaks Charter School Bridgeport",NA,NA,NA
"2016-17","Numeracy","Greenwich School District",11.4,31.5,57.1
"2016-17","Numeracy","Griswold School District",18.6,44.1,37.3
"2016-17","Numeracy","Groton School District",25.1,45.2,29.7
"2016-17","Numeracy","Guilford School District",3.6,27.7,68.7
"2016-17","Numeracy","Hamden School District",17.5,51.2,31.3
"2016-17","Numeracy","Hampton School District",NA,NA,NA
"2016-17","Numeracy","Hartford School District",34.3,38.9,26.7
"2016-17","Numeracy","Hartland School District",NA,NA,NA
"2016-17","Numeracy","Hebron School District",8.6,35.7,55.7
"2016-17","Numeracy","Highville Charter School District",27.5,42.5,30
"2016-17","Numeracy","Integrated Day Charter School District",9.7,51.6,38.7
"2016-17","Numeracy","Interdistrict School for Arts and Communication District",NA,NA,NA
"2016-17","Numeracy","Jumoke Academy District",4.1,63,32.9
"2016-17","Numeracy","Kent School District",NA,NA,NA
"2016-17","Numeracy","Killingly School District",18.1,36.3,45.6
"2016-17","Numeracy","LEARN",16.7,34.8,48.4
"2016-17","Numeracy","Lebanon School District",3.7,55.6,40.7
"2016-17","Numeracy","Ledyard School District",23.4,37.3,39.2
"2016-17","Numeracy","Lisbon School District",21.6,32.4,45.9
"2016-17","Numeracy","Litchfield School District",29,65.2,5.8
"2016-17","Numeracy","Madison School District",3.9,32,64.1
"2016-17","Numeracy","Manchester School District",43.8,43,13.2
"2016-17","Numeracy","Mansfield School District",16.5,55.7,27.8
"2016-17","Numeracy","Marlborough School District",8.2,31.1,60.7
"2016-17","Numeracy","Meriden School District",30.2,45.8,24
"2016-17","Numeracy","Middletown School District",32.6,39.6,27.8
"2016-17","Numeracy","Milford School District",12.6,38.2,49.2
"2016-17","Numeracy","Monroe School District",6.4,59.1,34.5
"2016-17","Numeracy","Montville School District",17.7,43.7,38.6
"2016-17","Numeracy","Naugatuck School District",20.8,38.2,41
"2016-17","Numeracy","New Beginnings Inc. Family Academy District",8.8,40.4,50.9
"2016-17","Numeracy","New Britain School District",36.5,40.9,22.6
"2016-17","Numeracy","New Canaan School District",6.2,41.2,52.6
"2016-17","Numeracy","New Fairfield School District",6.6,55.1,38.2
"2016-17","Numeracy","New Hartford School District",23.8,59.5,16.7
"2016-17","Numeracy","New Haven School District",31.9,43.1,25
"2016-17","Numeracy","Newington School District",25.6,48.1,26.3
"2016-17","Numeracy","New London School District",24.4,58.7,17
"2016-17","Numeracy","New Milford School District",30.2,48,21.8
"2016-17","Numeracy","Newtown School District",7.6,52,40.4
"2016-17","Numeracy","Norfolk School District",NA,NA,NA
"2016-17","Numeracy","North Branford School District",9.2,62.2,28.6
"2016-17","Numeracy","North Canaan School District",2.4,31,66.7
"2016-17","Numeracy","North Haven School District",19.2,52.1,28.6
"2016-17","Numeracy","North Stonington School District",2,14.3,83.7
"2016-17","Numeracy","Norwalk School District",23.6,44.6,31.9
"2016-17","Numeracy","Norwich Free Academy District",NA,NA,NA
"2016-17","Numeracy","Norwich School District",31.5,43.8,24.6
"2016-17","Numeracy","Odyssey Community School District",25,69.4,5.6
"2016-17","Numeracy","Old Saybrook School District",10,68.6,21.4
"2016-17","Numeracy","Orange School District",8.6,51.4,40
"2016-17","Numeracy","Oxford School District",11.8,23.5,64.7
"2016-17","Numeracy","Park City Prep Charter School District",NA,NA,NA
"2016-17","Numeracy","Path Academy District",NA,NA,NA
"2016-17","Numeracy","Plainfield School District",23.8,49.7,26.5
"2016-17","Numeracy","Plainville School District",13.6,30.1,56.3
"2016-17","Numeracy","Plymouth School District",24.1,43.4,32.5
"2016-17","Numeracy","Pomfret School District",12,52,36
"2016-17","Numeracy","Portland School District",27.6,44.9,27.6
"2016-17","Numeracy","Preston School District",16.1,38.7,45.2
"2016-17","Numeracy","Putnam School District",19.5,31.7,48.8
"2016-17","Numeracy","Redding School District",12.6,60.2,27.2
"2016-17","Numeracy","Regional School District 01",NA,NA,NA
"2016-17","Numeracy","Regional School District 04",NA,NA,NA
"2016-17","Numeracy","Regional School District 05",NA,NA,NA
"2016-17","Numeracy","Regional School District 06",2.5,12.5,85
"2016-17","Numeracy","Regional School District 07",NA,NA,NA
"2016-17","Numeracy","Regional School District 08",NA,NA,NA
"2016-17","Numeracy","Regional School District 09",NA,NA,NA
"2016-17","Numeracy","Regional School District 10",5.9,23.7,70.4
"2016-17","Numeracy","Regional School District 11",NA,NA,NA
"2016-17","Numeracy","Regional School District 12",NA,26.7,73.3
"2016-17","Numeracy","Regional School District 13",10.4,70.4,19.1
"2016-17","Numeracy","Regional School District 14",12.5,68.8,18.8
"2016-17","Numeracy","Regional School District 15",8.9,46.9,44.1
"2016-17","Numeracy","Regional School District 16",23.1,44.6,32.3
"2016-17","Numeracy","Regional School District 17",0.7,12.8,86.5
"2016-17","Numeracy","Regional School District 18",6.2,60,33.8
"2016-17","Numeracy","Regional School District 19",NA,NA,NA
"2016-17","Numeracy","Ridgefield School District",14.9,31.8,53.3
"2016-17","Numeracy","Rocky Hill School District",15.4,46.2,38.5
"2016-17","Numeracy","Salem School District",11.1,40,48.9
"2016-17","Numeracy","Salisbury School District",21.9,46.9,31.3
"2016-17","Numeracy","Scotland School District",NA,NA,NA
"2016-17","Numeracy","Seymour School District",25.2,38.4,36.4
"2016-17","Numeracy","Sharon School District",NA,NA,NA
"2016-17","Numeracy","Shelton School District",18.1,59.5,22.4
"2016-17","Numeracy","Sherman School District",7.1,14.3,78.6
"2016-17","Numeracy","Side By Side Charter School District",4.3,39.1,56.5
"2016-17","Numeracy","Simsbury School District",16,31.7,52.3
"2016-17","Numeracy","Somers School District",12,37.3,50.7
"2016-17","Numeracy","Southington School District",19.5,63.5,17
"2016-17","Numeracy","South Windsor School District",14.5,31.4,54.1
"2016-17","Numeracy","Sprague School District",5.7,28.6,65.7
"2016-17","Numeracy","Stafford School District",13.9,44.4,41.7
"2016-17","Numeracy","Stamford Academy District",NA,NA,NA
"2016-17","Numeracy","Stamford Charter School for Excellence District",NA,NA,NA
"2016-17","Numeracy","Stamford School District",25.3,37.3,37.4
"2016-17","Numeracy","Sterling School District",24.3,51.4,24.3
"2016-17","Numeracy","Stonington School District",13.1,17.2,69.7
"2016-17","Numeracy","Stratford School District",26.5,42.3,31.2
"2016-17","Numeracy","Suffield School District",7.8,48.8,43.4
"2016-17","Numeracy","The Bridge Academy District",NA,NA,NA
"2016-17","Numeracy","The Gilbert School District",NA,NA,NA
"2016-17","Numeracy","Thomaston School District",67.9,26.8,5.4
"2016-17","Numeracy","Thompson School District",42.7,49.3,8
"2016-17","Numeracy","Tolland School District",16.8,52.6,30.7
"2016-17","Numeracy","Torrington School District",23.9,43.6,32.5
"2016-17","Numeracy","Trailblazers Academy District",NA,NA,NA
"2016-17","Numeracy","Trumbull School District",23.6,49.6,26.8
"2016-17","Numeracy","Unified School District #1",NA,NA,NA
"2016-17","Numeracy","Unified School District #2",NA,NA,NA
"2016-17","Numeracy","Union School District",NA,NA,NA
"2016-17","Numeracy","Vernon School District",20.2,36.1,43.7
"2016-17","Numeracy","Voluntown School District",NA,26.1,73.9
"2016-17","Numeracy","Wallingford School District",18,39.5,42.5
"2016-17","Numeracy","Waterbury School District",34.4,41.3,24.3
"2016-17","Numeracy","Waterford School District",18.2,51.8,29.9
"2016-17","Numeracy","Watertown School District",21.2,45.5,33.3
"2016-17","Numeracy","Westbrook School District",12.5,41.1,46.4
"2016-17","Numeracy","Western Connecticut Regional Educational Services",NA,NA,NA
"2016-17","Numeracy","West Hartford School District",14.4,38.5,47.1
"2016-17","Numeracy","West Haven School District",39.5,47.5,13
"2016-17","Numeracy","Weston School District",3.9,13.3,82.8
"2016-17","Numeracy","Westport School District",5.5,42.8,51.7
"2016-17","Numeracy","Wethersfield School District",19.7,43.5,36.8
"2016-17","Numeracy","Willington School District",12.2,36.6,51.2
"2016-17","Numeracy","Wilton School District",0.4,5.7,93.9
"2016-17","Numeracy","Winchester School District",37.9,56.1,6.1
"2016-17","Numeracy","Windham School District",32.5,51.4,16.1
"2016-17","Numeracy","Windsor Locks School District",17,47.2,35.8
"2016-17","Numeracy","Windsor School District",19.3,44.8,35.9
"2016-17","Numeracy","Wolcott School District",8.6,49.3,42.1
"2016-17","Numeracy","Woodbridge School District",20,62.1,17.9
"2016-17","Numeracy","Woodstock Academy District",NA,NA,NA
"2016-17","Numeracy","Woodstock School District",13.4,31.3,55.2
"2016-17","Personal","Achievement First Bridgeport Academy District",21.3,61.7,17
"2016-17","Personal","Achievement First Hartford Academy District",11.5,46.2,42.3
"2016-17","Personal","Amistad Academy District",8.6,28,63.4
"2016-17","Personal","Andover School District",NA,NA,NA
"2016-17","Personal","Ansonia School District",17.8,50.6,31.7
"2016-17","Personal","Area Cooperative Educational Services",27,41.9,31.1
"2016-17","Personal","Ashford School District",2.9,5.7,91.4
"2016-17","Personal","Avon School District",4.5,29.8,65.7
"2016-17","Personal","Barkhamsted School District",NA,NA,NA
"2016-17","Personal","Berlin School District",25.7,53.2,21.1
"2016-17","Personal","Bethany School District",14.7,44.1,41.2
"2016-17","Personal","Bethel School District",5.3,31.7,63
"2016-17","Personal","Bloomfield School District",17.3,57.4,25.3
"2016-17","Personal","Bolton School District",18,40,42
"2016-17","Personal","Booker T Washington Academy District",21.4,63.1,15.5
"2016-17","Personal","Bozrah School District",NA,NA,NA
"2016-17","Personal","Branford School District",10.7,51.5,37.8
"2016-17","Personal","Brass City Charter School District",14.7,58.8,26.5
"2016-17","Personal","Bridgeport School District",24.3,44.2,31.5
"2016-17","Personal","Bristol School District",17.4,43.1,39.5
"2016-17","Personal","Brookfield School District",8.3,22.9,68.8
"2016-17","Personal","Brooklyn School District",18.4,33.3,48.3
"2016-17","Personal","Canaan School District",NA,NA,NA
"2016-17","Personal","Canterbury School District",8.7,80.4,10.9
"2016-17","Personal","Canton School District",8.2,27.8,63.9
"2016-17","Personal","Capital Preparatory Harbor School Inc. District",NA,NA,NA
"2016-17","Personal","Capitol Region Education Council",14.8,48.3,36.9
"2016-17","Personal","Chaplin School District",NA,NA,NA
"2016-17","Personal","Charter School for Young Children on Asylum Hill",NA,NA,NA
"2016-17","Personal","Cheshire School District",13.3,47.1,39.6
"2016-17","Personal","Chester School District",7.1,14.3,78.6
"2016-17","Personal","Clinton School District",12.9,55.4,31.7
"2016-17","Personal","Colchester School District",11.5,38.8,49.6
"2016-17","Personal","Colebrook School District",NA,NA,NA
"2016-17","Personal","Columbia School District",19.6,54.3,26.1
"2016-17","Personal","Common Ground High School District",NA,NA,NA
"2016-17","Personal","Connecticut",19.5,43,37.5
"2016-17","Personal","Connecticut Technical High School System",NA,NA,NA
"2016-17","Personal","Cooperative Educational Services",7.3,12.2,80.5
"2016-17","Personal","Cornwall School District",NA,NA,NA
"2016-17","Personal","Coventry School District",29.3,52.6,18.1
"2016-17","Personal","Cromwell School District",14.3,47.9,37.9
"2016-17","Personal","Danbury School District",26.7,44.2,29.1
"2016-17","Personal","Darien School District",2.7,21.6,75.6
"2016-17","Personal","Deep River School District",23.3,43.3,33.3
"2016-17","Personal","Department of Mental Health and Addiction Services",NA,NA,NA
"2016-17","Personal","Derby School District",15.5,36.1,48.5
"2016-17","Personal","Eastern Connecticut Regional Educational Services",NA,NA,NA
"2016-17","Personal","Eastford School District",NA,NA,NA
"2016-17","Personal","East Granby School District",6.3,9.5,84.1
"2016-17","Personal","East Haddam School District",11.1,50,38.9
"2016-17","Personal","East Hampton School District",11.5,46,42.4
"2016-17","Personal","East Hartford School District",40.4,42.5,17.1
"2016-17","Personal","East Haven School District",23.1,55.6,21.3
"2016-17","Personal","East Lyme School District",33.7,43,23.3
"2016-17","Personal","Easton School District",12.8,38.5,48.7
"2016-17","Personal","East Windsor School District",23.4,51.9,24.7
"2016-17","Personal","Ellington School District",15,22.8,62.3
"2016-17","Personal","Elm City College Preparatory School District",6.5,16.1,77.4
"2016-17","Personal","Elm City Montessori School District",11.8,26.5,61.8
"2016-17","Personal","Enfield School District",21.9,46.2,31.9
"2016-17","Personal","Essex School District",22.7,45.5,31.8
"2016-17","Personal","Explorations District",NA,NA,NA
"2016-17","Personal","Fairfield School District",12.8,38.1,49.1
"2016-17","Personal","Farmington School District",11.2,31.5,57.3
"2016-17","Personal","Franklin School District",NA,NA,NA
"2016-17","Personal","Glastonbury School District",20.3,36.6,43.1
"2016-17","Personal","Granby School District",4.3,12.9,82.8
"2016-17","Personal","Great Oaks Charter School Bridgeport",NA,NA,NA
"2016-17","Personal","Greenwich School District",7.7,32.6,59.8
"2016-17","Personal","Griswold School District",23.7,55.1,21.2
"2016-17","Personal","Groton School District",21.4,49.1,29.5
"2016-17","Personal","Guilford School District",3.6,19,77.4
"2016-17","Personal","Hamden School District",24.7,39.3,36.1
"2016-17","Personal","Hampton School District",NA,NA,NA
"2016-17","Personal","Hartford School District",25.1,43.6,31.3
"2016-17","Personal","Hartland School District",NA,NA,NA
"2016-17","Personal","Hebron School District",4.3,24.3,71.4
"2016-17","Personal","Highville Charter School District",42.5,27.5,30
"2016-17","Personal","Integrated Day Charter School District",25.8,41.9,32.3
"2016-17","Personal","Interdistrict School for Arts and Communication District",NA,NA,NA
"2016-17","Personal","Jumoke Academy District",2.7,49.3,47.9
"2016-17","Personal","Kent School District",NA,NA,NA
"2016-17","Personal","Killingly School District",18.8,39.4,41.9
"2016-17","Personal","LEARN",21.6,32.4,46
"2016-17","Personal","Lebanon School District",9.3,61.1,29.6
"2016-17","Personal","Ledyard School District",19.6,41.1,39.2
"2016-17","Personal","Lisbon School District",21.6,32.4,45.9
"2016-17","Personal","Litchfield School District",24.6,47.8,27.5
"2016-17","Personal","Madison School District",8.5,32,59.5
"2016-17","Personal","Manchester School District",41.9,43,15.1
"2016-17","Personal","Mansfield School District",14.4,52.6,33
"2016-17","Personal","Marlborough School District",9.8,29.5,60.7
"2016-17","Personal","Meriden School District",25.4,41.6,33
"2016-17","Personal","Middletown School District",29.9,41.8,28.3
"2016-17","Personal","Milford School District",10.5,33.1,56.5
"2016-17","Personal","Monroe School District",9.9,53.2,36.9
"2016-17","Personal","Montville School District",16.5,41.1,42.4
"2016-17","Personal","Naugatuck School District",15.5,38.2,46.4
"2016-17","Personal","New Beginnings Inc. Family Academy District",15.8,50.9,33.3
"2016-17","Personal","New Britain School District",32.7,39.2,28.1
"2016-17","Personal","New Canaan School District",12,38.7,49.3
"2016-17","Personal","New Fairfield School District",8.8,52.2,39
"2016-17","Personal","New Hartford School District",19,81,NA
"2016-17","Personal","New Haven School District",22,47.9,30.1
"2016-17","Personal","Newington School District",24.8,50.4,24.8
"2016-17","Personal","New London School District",17,60.4,22.6
"2016-17","Personal","New Milford School District",25.8,52,22.2
"2016-17","Personal","Newtown School District",7.6,42.7,49.8
"2016-17","Personal","Norfolk School District",NA,NA,NA
"2016-17","Personal","North Branford School District",22.7,55.5,21.8
"2016-17","Personal","North Canaan School District",NA,35.7,64.3
"2016-17","Personal","North Haven School District",10.3,57.7,31.9
"2016-17","Personal","North Stonington School District",4.1,4.1,91.8
"2016-17","Personal","Norwalk School District",18.6,45.8,35.7
"2016-17","Personal","Norwich Free Academy District",NA,NA,NA
"2016-17","Personal","Norwich School District",28.5,45.6,25.9
"2016-17","Personal","Odyssey Community School District",25,75,NA
"2016-17","Personal","Old Saybrook School District",11.4,60,28.6
"2016-17","Personal","Orange School District",5.7,43.6,50.7
"2016-17","Personal","Oxford School District",10.1,37,52.9
"2016-17","Personal","Park City Prep Charter School District",NA,NA,NA
"2016-17","Personal","Path Academy District",NA,NA,NA
"2016-17","Personal","Plainfield School District",11.6,55.8,32.7
"2016-17","Personal","Plainville School District",11.9,38.1,50
"2016-17","Personal","Plymouth School District",22.9,41,36.1
"2016-17","Personal","Pomfret School District",20,44,36
"2016-17","Personal","Portland School District",26.5,52,21.4
"2016-17","Personal","Preston School District",22.6,64.5,12.9
"2016-17","Personal","Putnam School District",12.2,39,48.8
"2016-17","Personal","Redding School District",10.7,35,54.4
"2016-17","Personal","Regional School District 01",NA,NA,NA
"2016-17","Personal","Regional School District 04",NA,NA,NA
"2016-17","Personal","Regional School District 05",NA,NA,NA
"2016-17","Personal","Regional School District 06",2.5,32.5,65
"2016-17","Personal","Regional School District 07",NA,NA,NA
"2016-17","Personal","Regional School District 08",NA,NA,NA
"2016-17","Personal","Regional School District 09",NA,NA,NA
"2016-17","Personal","Regional School District 10",3.7,28.9,67.4
"2016-17","Personal","Regional School District 11",NA,NA,NA
"2016-17","Personal","Regional School District 12",3.3,20,76.7
"2016-17","Personal","Regional School District 13",18.3,52.2,29.6
"2016-17","Personal","Regional School District 14",24,52.1,24
"2016-17","Personal","Regional School District 15",6.1,44.6,49.3
"2016-17","Personal","Regional School District 16",16.9,48.5,34.6
"2016-17","Personal","Regional School District 17",2.1,11.3,86.5
"2016-17","Personal","Regional School District 18",3.1,63.1,33.8
"2016-17","Personal","Regional School District 19",NA,NA,NA
"2016-17","Personal","Ridgefield School District",17,29.8,53.3
"2016-17","Personal","Rocky Hill School District",15.9,43.1,41
"2016-17","Personal","Salem School District",17.8,26.7,55.6
"2016-17","Personal","Salisbury School District",40.6,34.4,25
"2016-17","Personal","Scotland School District",NA,NA,NA
"2016-17","Personal","Seymour School District",23.8,34.4,41.7
"2016-17","Personal","Sharon School District",NA,NA,NA
"2016-17","Personal","Shelton School District",27.3,53.4,19.3
"2016-17","Personal","Sherman School District",3.6,7.1,89.3
"2016-17","Personal","Side By Side Charter School District",13,43.5,43.5
"2016-17","Personal","Simsbury School District",11.1,41.2,47.7
"2016-17","Personal","Somers School District",13.3,41.3,45.3
"2016-17","Personal","Southington School District",22.3,57.8,20
"2016-17","Personal","South Windsor School District",11.7,36.7,51.6
"2016-17","Personal","Sprague School District",5.7,20,74.3
"2016-17","Personal","Stafford School District",9.3,32.4,58.3
"2016-17","Personal","Stamford Academy District",NA,NA,NA
"2016-17","Personal","Stamford Charter School for Excellence District",NA,NA,NA
"2016-17","Personal","Stamford School District",19.3,40.4,40.3
"2016-17","Personal","Sterling School District",24.3,59.5,16.2
"2016-17","Personal","Stonington School District",10.7,25.4,63.9
"2016-17","Personal","Stratford School District",23.2,43,33.9
"2016-17","Personal","Suffield School District",12.4,45,42.6
"2016-17","Personal","The Bridge Academy District",NA,NA,NA
"2016-17","Personal","The Gilbert School District",NA,NA,NA
"2016-17","Personal","Thomaston School District",37.5,48.2,14.3
"2016-17","Personal","Thompson School District",30.7,58.7,10.7
"2016-17","Personal","Tolland School District",30.7,58.4,10.9
"2016-17","Personal","Torrington School District",21.2,51,27.8
"2016-17","Personal","Trailblazers Academy District",NA,NA,NA
"2016-17","Personal","Trumbull School District",21.8,51.4,26.8
"2016-17","Personal","Unified School District #1",NA,NA,NA
"2016-17","Personal","Unified School District #2",NA,NA,NA
"2016-17","Personal","Union School District",NA,NA,NA
"2016-17","Personal","Vernon School District",22.3,41.2,36.6
"2016-17","Personal","Voluntown School District",4.3,17.4,78.3
"2016-17","Personal","Wallingford School District",19,41.7,39.3
"2016-17","Personal","Waterbury School District",24.2,46.6,29.2
"2016-17","Personal","Waterford School District",16.1,56.9,27
"2016-17","Personal","Watertown School District",21.7,36,42.3
"2016-17","Personal","Westbrook School District",8.9,41.1,50
"2016-17","Personal","Western Connecticut Regional Educational Services",NA,NA,NA
"2016-17","Personal","West Hartford School District",17.5,45,37.5
"2016-17","Personal","West Haven School District",34.7,50.6,14.6
"2016-17","Personal","Weston School District",4.7,21.9,73.4
"2016-17","Personal","Westport School District",8,43.1,48.9
"2016-17","Personal","Wethersfield School District",23,53.6,23.4
"2016-17","Personal","Willington School District",9.8,31.7,58.5
"2016-17","Personal","Wilton School District",0.9,11.4,87.7
"2016-17","Personal","Winchester School District",30.3,50,19.7
"2016-17","Personal","Windham School District",31.5,51.4,17.1
"2016-17","Personal","Windsor Locks School District",18.9,46.2,34.9
"2016-17","Personal","Windsor School District",26,48.6,25.4
"2016-17","Personal","Wolcott School District",9.3,45,45.7
"2016-17","Personal","Woodbridge School District",27.4,56.8,15.8
"2016-17","Personal","Woodstock Academy District",NA,NA,NA
"2016-17","Personal","Woodstock School District",19.4,23.9,56.7
"2016-17","Physical","Achievement First Bridgeport Academy District",17,56.4,26.6
"2016-17","Physical","Achievement First Hartford Academy District",NA,71.8,28.2
"2016-17","Physical","Amistad Academy District",NA,5.4,94.6
"2016-17","Physical","Andover School District",NA,NA,NA
"2016-17","Physical","Ansonia School District",10.6,37.2,52.2
"2016-17","Physical","Area Cooperative Educational Services",21.6,52.7,25.7
"2016-17","Physical","Ashford School District",NA,25.7,74.3
"2016-17","Physical","Avon School District",2,25.8,72.2
"2016-17","Physical","Barkhamsted School District",NA,NA,NA
"2016-17","Physical","Berlin School District",18.1,66.7,15.2
"2016-17","Physical","Bethany School District",14.7,41.2,44.1
"2016-17","Physical","Bethel School District",5.8,23.1,71.2
"2016-17","Physical","Bloomfield School District",8.6,45.7,45.7
"2016-17","Physical","Bolton School District",4,36,60
"2016-17","Physical","Booker T Washington Academy District",19,54.8,26.2
"2016-17","Physical","Bozrah School District",NA,NA,NA
"2016-17","Physical","Branford School District",8.7,48.5,42.9
"2016-17","Physical","Brass City Charter School District",2.9,38.2,58.8
"2016-17","Physical","Bridgeport School District",14.4,45.9,39.8
"2016-17","Physical","Bristol School District",10.1,41.8,48
"2016-17","Physical","Brookfield School District",7,11.5,81.5
"2016-17","Physical","Brooklyn School District",13.8,28.7,57.5
"2016-17","Physical","Canaan School District",NA,NA,NA
"2016-17","Physical","Canterbury School District",6.5,89.1,4.3
"2016-17","Physical","Canton School District",3.1,19.6,77.3
"2016-17","Physical","Capital Preparatory Harbor School Inc. District",NA,NA,NA
"2016-17","Physical","Capitol Region Education Council",8.1,43.1,48.9
"2016-17","Physical","Chaplin School District",NA,NA,NA
"2016-17","Physical","Charter School for Young Children on Asylum Hill",NA,NA,NA
"2016-17","Physical","Cheshire School District",7.1,34.6,58.3
"2016-17","Physical","Chester School District",3.6,3.6,92.9
"2016-17","Physical","Clinton School District",5,46.5,48.5
"2016-17","Physical","Colchester School District",6.5,32.4,61.2
"2016-17","Physical","Colebrook School District",NA,NA,NA
"2016-17","Physical","Columbia School District",15.2,52.2,32.6
"2016-17","Physical","Common Ground High School District",NA,NA,NA
"2016-17","Physical","Connecticut",12.5,41.2,46.3
"2016-17","Physical","Connecticut Technical High School System",NA,NA,NA
"2016-17","Physical","Cooperative Educational Services",2.4,7.3,90.2
"2016-17","Physical","Cornwall School District",NA,NA,NA
"2016-17","Physical","Coventry School District",11.2,65.5,23.3
"2016-17","Physical","Cromwell School District",5,45.7,49.3
"2016-17","Physical","Danbury School District",18.2,43.5,38.3
"2016-17","Physical","Darien School District",1.4,10.1,88.5
"2016-17","Physical","Deep River School District",20,40,40
"2016-17","Physical","Department of Mental Health and Addiction Services",NA,NA,NA
"2016-17","Physical","Derby School District",6.2,32,61.9
"2016-17","Physical","Eastern Connecticut Regional Educational Services",NA,NA,NA
"2016-17","Physical","Eastford School District",NA,NA,NA
"2016-17","Physical","East Granby School District",1.6,4.8,93.7
"2016-17","Physical","East Haddam School District",5.6,53.7,40.7
"2016-17","Physical","East Hampton School District",11.5,33.8,54.7
"2016-17","Physical","East Hartford School District",28.9,43.9,27.2
"2016-17","Physical","East Haven School District",17.2,58,24.9
"2016-17","Physical","East Lyme School District",15.7,52.3,32
"2016-17","Physical","Easton School District",9,30.8,60.3
"2016-17","Physical","East Windsor School District",16.9,50.6,32.5
"2016-17","Physical","Ellington School District",13.2,12,74.9
"2016-17","Physical","Elm City College Preparatory School District",3.2,4.8,91.9
"2016-17","Physical","Elm City Montessori School District",2.9,8.8,88.2
"2016-17","Physical","Enfield School District",11.9,47.3,40.8
"2016-17","Physical","Essex School District",18.2,38.6,43.2
"2016-17","Physical","Explorations District",NA,NA,NA
"2016-17","Physical","Fairfield School District",7.4,30,62.5
"2016-17","Physical","Farmington School District",3,20.6,76.4
"2016-17","Physical","Franklin School District",NA,NA,NA
"2016-17","Physical","Glastonbury School District",15.8,37.7,46.5
"2016-17","Physical","Granby School District",NA,7.5,92.5
"2016-17","Physical","Great Oaks Charter School Bridgeport",NA,NA,NA
"2016-17","Physical","Greenwich School District",4.5,29.3,66.2
"2016-17","Physical","Griswold School District",12.7,48.3,39
"2016-17","Physical","Groton School District",19.4,49.1,31.5
"2016-17","Physical","Guilford School District",1,16.4,82.6
"2016-17","Physical","Hamden School District",13.3,49.6,37.1
"2016-17","Physical","Hampton School District",NA,NA,NA
"2016-17","Physical","Hartford School District",15.7,45.6,38.8
"2016-17","Physical","Hartland School District",NA,NA,NA
"2016-17","Physical","Hebron School District",2.9,27.1,70
"2016-17","Physical","Highville Charter School District",27.5,40,32.5
"2016-17","Physical","Integrated Day Charter School District",9.7,22.6,67.7
"2016-17","Physical","Interdistrict School for Arts and Communication District",NA,NA,NA
"2016-17","Physical","Jumoke Academy District",2.7,23.3,74
"2016-17","Physical","Kent School District",NA,NA,NA
"2016-17","Physical","Killingly School District",13.1,31.3,55.6
"2016-17","Physical","LEARN",9.4,21.3,69.3
"2016-17","Physical","Lebanon School District",3.7,61.1,35.2
"2016-17","Physical","Ledyard School District",10.1,51.3,38.6
"2016-17","Physical","Lisbon School District",8.1,45.9,45.9
"2016-17","Physical","Litchfield School District",30.4,52.2,17.4
"2016-17","Physical","Madison School District",3.3,34.6,62.1
"2016-17","Physical","Manchester School District",29.6,53.3,17.1
"2016-17","Physical","Mansfield School District",12.4,50.5,37.1
"2016-17","Physical","Marlborough School District",6.6,19.7,73.8
"2016-17","Physical","Meriden School District",17.8,46.1,36.1
"2016-17","Physical","Middletown School District",19.9,48.8,31.3
"2016-17","Physical","Milford School District",5.9,25.5,68.5
"2016-17","Physical","Monroe School District",3.9,52.7,43.3
"2016-17","Physical","Montville School District",10.1,38,51.9
"2016-17","Physical","Naugatuck School District",8.8,37.5,53.6
"2016-17","Physical","New Beginnings Inc. Family Academy District",5.3,10.5,84.2
"2016-17","Physical","New Britain School District",23.3,41.1,35.6
"2016-17","Physical","New Canaan School District",4.4,24.5,71.2
"2016-17","Physical","New Fairfield School District",3.7,52.2,44.1
"2016-17","Physical","New Hartford School District",9.5,81,9.5
"2016-17","Physical","New Haven School District",13.3,46,40.8
"2016-17","Physical","Newington School District",15.8,56,28.2
"2016-17","Physical","New London School District",13.1,63.6,23.3
"2016-17","Physical","New Milford School District",25.5,46.9,27.6
"2016-17","Physical","Newtown School District",4.9,42.2,52.9
"2016-17","Physical","Norfolk School District",NA,NA,NA
"2016-17","Physical","North Branford School District",7.6,64.7,27.7
"2016-17","Physical","North Canaan School District",2.4,21.4,76.2
"2016-17","Physical","North Haven School District",8.5,44.1,47.4
"2016-17","Physical","North Stonington School District",NA,6.1,93.9
"2016-17","Physical","Norwalk School District",10.1,45.1,44.8
"2016-17","Physical","Norwich Free Academy District",NA,NA,NA
"2016-17","Physical","Norwich School District",20.3,41.8,37.9
"2016-17","Physical","Odyssey Community School District",11.1,88.9,NA
"2016-17","Physical","Old Saybrook School District",11.4,38.6,50
"2016-17","Physical","Orange School District",3.6,39.3,57.1
"2016-17","Physical","Oxford School District",9.2,32.8,58
"2016-17","Physical","Park City Prep Charter School District",NA,NA,NA
"2016-17","Physical","Path Academy District",NA,NA,NA
"2016-17","Physical","Plainfield School District",9.5,49.7,40.8
"2016-17","Physical","Plainville School District",9.1,33,58
"2016-17","Physical","Plymouth School District",20.5,42.2,37.3
"2016-17","Physical","Pomfret School District",12,36,52
"2016-17","Physical","Portland School District",17.3,49,33.7
"2016-17","Physical","Preston School District",22.6,48.4,29
"2016-17","Physical","Putnam School District",7.3,35.4,57.3
"2016-17","Physical","Redding School District",6.8,29.1,64.1
"2016-17","Physical","Regional School District 01",NA,NA,NA
"2016-17","Physical","Regional School District 04",NA,NA,NA
"2016-17","Physical","Regional School District 05",NA,NA,NA
"2016-17","Physical","Regional School District 06",7.5,12.5,80
"2016-17","Physical","Regional School District 07",NA,NA,NA
"2016-17","Physical","Regional School District 08",NA,NA,NA
"2016-17","Physical","Regional School District 09",NA,NA,NA
"2016-17","Physical","Regional School District 10",5.2,23,71.9
"2016-17","Physical","Regional School District 11",NA,NA,NA
"2016-17","Physical","Regional School District 12",3.3,16.7,80
"2016-17","Physical","Regional School District 13",2.6,65.2,32.2
"2016-17","Physical","Regional School District 14",8.3,66.7,25
"2016-17","Physical","Regional School District 15",4.7,29.6,65.7
"2016-17","Physical","Regional School District 16",13.1,49.2,37.7
"2016-17","Physical","Regional School District 17",0.7,9.2,90.1
"2016-17","Physical","Regional School District 18",NA,46.2,53.8
"2016-17","Physical","Regional School District 19",NA,NA,NA
"2016-17","Physical","Ridgefield School District",10,26.6,63.3
"2016-17","Physical","Rocky Hill School District",7.7,46.7,45.6
"2016-17","Physical","Salem School District",8.9,28.9,62.2
"2016-17","Physical","Salisbury School District",40.6,9.4,50
"2016-17","Physical","Scotland School District",NA,NA,NA
"2016-17","Physical","Seymour School District",13.2,43.7,43
"2016-17","Physical","Sharon School District",NA,NA,NA
"2016-17","Physical","Shelton School District",14.4,63.5,22.1
"2016-17","Physical","Sherman School District",NA,7.1,92.9
"2016-17","Physical","Side By Side Charter School District",NA,26.1,73.9
"2016-17","Physical","Simsbury School District",10.3,31.3,58.4
"2016-17","Physical","Somers School District",9.3,26.7,64
"2016-17","Physical","Southington School District",16,59.8,24.3
"2016-17","Physical","South Windsor School District",6.7,25.1,68.2
"2016-17","Physical","Sprague School District",5.7,14.3,80
"2016-17","Physical","Stafford School District",0.9,29.6,69.4
"2016-17","Physical","Stamford Academy District",NA,NA,NA
"2016-17","Physical","Stamford Charter School for Excellence District",NA,NA,NA
"2016-17","Physical","Stamford School District",11.4,37.2,51.4
"2016-17","Physical","Sterling School District",8.1,51.4,40.5
"2016-17","Physical","Stonington School District",9,14.8,76.2
"2016-17","Physical","Stratford School District",12.9,37,50.1
"2016-17","Physical","Suffield School District",6.2,47.3,46.5
"2016-17","Physical","The Bridge Academy District",NA,NA,NA
"2016-17","Physical","The Gilbert School District",NA,NA,NA
"2016-17","Physical","Thomaston School District",30.4,44.6,25
"2016-17","Physical","Thompson School District",13.3,72,14.7
"2016-17","Physical","Tolland School District",8,69.3,22.6
"2016-17","Physical","Torrington School District",17.9,38.8,43.3
"2016-17","Physical","Trailblazers Academy District",NA,NA,NA
"2016-17","Physical","Trumbull School District",16.5,57.4,26.1
"2016-17","Physical","Unified School District #1",NA,NA,NA
"2016-17","Physical","Unified School District #2",NA,NA,NA
"2016-17","Physical","Union School District",NA,NA,NA
"2016-17","Physical","Vernon School District",11.3,40.8,47.9
"2016-17","Physical","Voluntown School District",NA,13,87
"2016-17","Physical","Wallingford School District",8.9,38,53.1
"2016-17","Physical","Waterbury School District",21.1,44.3,34.6
"2016-17","Physical","Waterford School District",11.7,60.6,27.7
"2016-17","Physical","Watertown School District",14.8,36,49.2
"2016-17","Physical","Westbrook School District",5.4,42.9,51.8
"2016-17","Physical","Western Connecticut Regional Educational Services",NA,NA,NA
"2016-17","Physical","West Hartford School District",6.7,38.6,54.6
"2016-17","Physical","West Haven School District",26.6,56.1,17.4
"2016-17","Physical","Weston School District",1.6,10.2,88.3
"2016-17","Physical","Westport School District",3.4,43.4,53.2
"2016-17","Physical","Wethersfield School District",16.3,48.5,35.1
"2016-17","Physical","Willington School District",12.2,34.1,53.7
"2016-17","Physical","Wilton School District",0.4,5.7,93.9
"2016-17","Physical","Winchester School District",13.6,80.3,6.1
"2016-17","Physical","Windham School District",16.4,57.3,26.2
"2016-17","Physical","Windsor Locks School District",4.7,45.3,50
"2016-17","Physical","Windsor School District",14.9,39.8,45.3
"2016-17","Physical","Wolcott School District",6.4,40.7,52.9
"2016-17","Physical","Woodbridge School District",18.9,67.4,13.7
"2016-17","Physical","Woodstock Academy District",NA,NA,NA
"2016-17","Physical","Woodstock School District",10.4,22.4,67.2
